timestamp,project_name,run_id,experiment_id,duration,emissions,emissions_rate,cpu_power,gpu_power,ram_power,cpu_energy,gpu_energy,ram_energy,energy_consumed,water_consumed,country_name,country_iso_code,region,cloud_provider,cloud_region,os,python_version,codecarbon_version,cpu_count,cpu_model,gpu_count,gpu_model,longitude,latitude,ram_total_size,tracking_mode,cpu_utilization_percent,gpu_utilization_percent,ram_utilization_percent,ram_used_gb,on_cloud,pue,wue
2026-08-26T12:16:41,pidigits/CLBG-baseline-humano/python,cde05328-93f1-4aa6-a8c6-e252d7fc96ca,ffdb5c9f-e517-4600-b515-d6f99ac951ca,3.2015559089995804,1.5232288898739146e-06,4.757776947115354e-07,2.9309479201498347,4.533870736331528,10.0,2.6004547146521342e-06,4.02750322199899e-06,8.86019525277738e-06,1.5488153189428504e-05,0.0,Brazil,BRA,,,,Linux-7.0.0-30-generic-x86_64-with-glibc2.39,3.12.3,3.2.6,8,Intel(R) Core(TM) i5-10300H CPU @ 2.50GHz,1,1 x NVIDIA GeForce GTX 1650,,,15.447154998779297,process,4.566666666666666,4.0,18.53333333333333,2.864297231038412,N,1.0,0.0
2026-08-26T12:16:46,pidigits/CLBG-baseline-humano/python,4fd67506-c3b9-460f-85a3-1c760a630484,ffdb5c9f-e517-4600-b515-d6f99ac951ca,2.970406873000684,1.3372519642001985e-06,4.501915129388709e-07,1.914036342527636,4.616164936951636,10.0,1.575238697733302e-06,3.8038919320006193e-06,8.218013838889722e-06,1.3597144468623644e-05,0.0,Brazil,BRA,,,,Linux-7.0.0-30-generic-x86_64-with-glibc2.39,3.12.3,3.2.6,8,Intel(R) Core(TM) i5-10300H CPU @ 2.50GHz,1,1 x NVIDIA GeForce GTX 1650,,,15.447154998779297,process,0.0,3.5,18.45,2.847606658935547,N,1.0,0.0
2026-08-26T12:16:51,pidigits/CLBG-baseline-humano/python,33e84c52-39c3-4758-a763-09f1044937bb,ffdb5c9f-e517-4600-b515-d6f99ac951ca,3.186502655998993,1.518063002636977e-06,4.764041228018537e-07,3.034530895507624,4.445783630595867,10.0,2.6807948594275245e-06,3.932225368000197e-06,8.822606350001175e-06,1.5435626577428895e-05,0.0,Brazil,BRA,,,,Linux-7.0.0-30-generic-x86_64-with-glibc2.39,3.12.3,3.2.6,8,Intel(R) Core(TM) i5-10300H CPU @ 2.50GHz,1,1 x NVIDIA GeForce GTX 1650,,,15.447154998779297,process,4.3,0.6666666666666666,18.4,2.846918741861979,N,1.0,0.0
2026-08-26T12:16:56,pidigits/CLBG-baseline-humano/python,9bdd39f4-31c8-447a-aa85-22492bb87a6a,ffdb5c9f-e517-4600-b515-d6f99ac951ca,3.19243197600008,1.530941688277786e-06,4.795534250336514e-07,2.9490245815640743,4.652114986009071,10.0,2.6093601473651253e-06,4.121114407999726e-06,8.836102174998612e-06,1.5566576730363465e-05,0.0,Brazil,BRA,,,,Linux-7.0.0-30-generic-x86_64-with-glibc2.39,3.12.3,3.2.6,8,Intel(R) Core(TM) i5-10300H CPU @ 2.50GHz,1,1 x NVIDIA GeForce GTX 1650,,,15.447154998779297,process,4.233333333333333,4.0,18.4,2.8481012980143228,N,1.0,0.0
2026-08-26T12:17:00,pidigits/CLBG-baseline-humano/python,be7b50f6-8894-433d-94ce-01b3660bc32f,ffdb5c9f-e517-4600-b515-d6f99ac951ca,3.1926485919993866,1.5240852865304757e-06,4.773733289500621e-07,3.016024393551106,4.50653828794006,10.0,2.6686094459527105e-06,3.99222541599964e-06,8.836026147223999e-06,1.549686100917635e-05,0.0,Brazil,BRA,,,,Linux-7.0.0-30-generic-x86_64-with-glibc2.39,3.12.3,3.2.6,8,Intel(R) Core(TM) i5-10300H CPU @ 2.50GHz,1,1 x NVIDIA GeForce GTX 1650,,,15.447154998779297,process,4.266666666666667,4.666666666666667,18.366666666666664,2.835174560546875,N,1.0,0.0
2026-08-26T12:17:05,pidigits/CLBG-baseline-humano/python,534b24b3-64ed-4428-84b8-557ac8cf9c03,ffdb5c9f-e517-4600-b515-d6f99ac951ca,2.962033073001294,1.3207808546530835e-06,4.459034798402154e-07,1.931801223900026,4.43465256298982,10.0,1.5860418729663267e-06,3.64555847200132e-06,8.198066294446309e-06,1.3429666639413955e-05,0.0,Brazil,BRA,,,,Linux-7.0.0-30-generic-x86_64-with-glibc2.39,3.12.3,3.2.6,8,Intel(R) Core(TM) i5-10300H CPU @ 2.50GHz,1,1 x NVIDIA GeForce GTX 1650,,,15.447154998779297,process,0.0,1.0,18.3,2.831666946411133,N,1.0,0.0
2026-08-26T12:17:10,pidigits/CLBG-baseline-humano/python,75056287-9ed0-4d77-8835-48a38317dd71,ffdb5c9f-e517-4600-b515-d6f99ac951ca,3.223080020999987,1.5278851455541648e-06,4.740450549161748e-07,2.993054959483268,4.4181214494043655,10.0,2.67186452419283e-06,3.948892048001584e-06,8.914741308333557e-06,1.553549788052797e-05,0.0,Brazil,BRA,,,,Linux-7.0.0-30-generic-x86_64-with-glibc2.39,3.12.3,3.2.6,8,Intel(R) Core(TM) i5-10300H CPU @ 2.50GHz,1,1 x NVIDIA GeForce GTX 1650,,,15.447154998779297,process,4.266666666666667,4.0,18.33333333333333,2.833399454752604,N,1.0,0.0
2026-08-26T12:17:15,pidigits/CLBG-baseline-humano/python,f8b3b033-94db-49c9-93fb-4924f9b00fe4,ffdb5c9f-e517-4600-b515-d6f99ac951ca,3.3520831109999563,1.593685033694359e-06,4.754312410884553e-07,2.910219643263634,4.53939236446977,10.0,2.7037889557024827e-06,4.222225599998658e-06,9.278534938893144e-06,1.6204549494594286e-05,0.0,Brazil,BRA,,,,Linux-7.0.0-30-generic-x86_64-with-glibc2.39,3.12.3,3.2.6,8,Intel(R) Core(TM) i5-10300H CPU @ 2.50GHz,1,1 x NVIDIA GeForce GTX 1650,,,15.447154998779297,process,4.266666666666667,4.0,18.466666666666665,2.850374857584636,N,1.0,0.0
2026-08-26T12:17:19,pidigits/CLBG-baseline-humano/python,e11afd3f-a31c-49ea-a8ad-6ef5110309d2,ffdb5c9f-e517-4600-b515-d6f99ac951ca,2.957341940000333,1.320733781936738e-06,4.465948844375397e-07,1.951845410570649,4.439884590872223,10.0,1.5999253343239284e-06,3.644169582001783e-06,8.185093088887798e-06,1.3429188005213509e-05,0.0,Brazil,BRA,,,,Linux-7.0.0-30-generic-x86_64-with-glibc2.39,3.12.3,3.2.6,8,Intel(R) Core(TM) i5-10300H CPU @ 2.50GHz,1,1 x NVIDIA GeForce GTX 1650,,,15.447154998779297,process,0.0,0.0,18.5,2.8608646392822266,N,1.0,0.0
2026-08-26T12:17:24,pidigits/CLBG-baseline-humano/python,99519211-491f-4e39-af1d-2aa1f2068d8c,ffdb5c9f-e517-4600-b515-d6f99ac951ca,3.3518870570005674,1.6061637048361715e-06,4.791819287232922e-07,2.9524061552932803,4.635687261559673,10.0,2.7426704721281794e-06,4.311392337998793e-06,9.277369499998006e-06,1.6331432310124978e-05,0.0,Brazil,BRA,,,,Linux-7.0.0-30-generic-x86_64-with-glibc2.39,3.12.3,3.2.6,8,Intel(R) Core(TM) i5-10300H CPU @ 2.50GHz,1,1 x NVIDIA GeForce GTX 1650,,,15.447154998779297,process,4.266666666666667,4.0,18.366666666666664,2.8357111612955728,N,1.0,0.0
2026-08-26T12:17:29,pidigits/CLBG-baseline-humano/python,9039a861-2651-4592-8ad1-0e97a0673c97,ffdb5c9f-e517-4600-b515-d6f99ac951ca,3.3595740380005736,1.6058123446012003e-06,4.779809364037376e-07,2.9781278328051246,4.567776706212895,10.0,2.772549901276614e-06,4.257781183999998e-06,9.297528602782122e-06,1.6327859688058732e-05,0.0,Brazil,BRA,,,,Linux-7.0.0-30-generic-x86_64-with-glibc2.39,3.12.3,3.2.6,8,Intel(R) Core(TM) i5-10300H CPU @ 2.50GHz,1,1 x NVIDIA GeForce GTX 1650,,,15.447154998779297,process,4.266666666666667,4.0,18.7,2.8856684366861978,N,1.0,0.0
2026-08-26T12:17:34,pidigits/CLBG-baseline-humano/python,b4741e21-3504-4422-90b0-428837cb5fc4,ffdb5c9f-e517-4600-b515-d6f99ac951ca,2.9504345069999545,1.3252912942365037e-06,4.49185125476342e-07,1.952090900741337,4.535493160276241,10.0,1.596377802201577e-06,3.713891860004925e-06,8.165259013887609e-06,1.347552867609411e-05,0.0,Brazil,BRA,,,,Linux-7.0.0-30-generic-x86_64-with-glibc2.39,3.12.3,3.2.6,8,Intel(R) Core(TM) i5-10300H CPU @ 2.50GHz,1,1 x NVIDIA GeForce GTX 1650,,,15.447154998779297,process,0.0,0.0,18.7,2.889423370361328,N,1.0,0.0
2026-08-26T12:17:39,pidigits/CLBG-baseline-humano/python,8de0bd45-9d6b-4508-8e19-af08e27f62f5,ffdb5c9f-e517-4600-b515-d6f99ac951ca,3.254329919000156,1.548729396816332e-06,4.758980912704007e-07,2.987903785657137,4.483963710482439,10.0,2.694283444240314e-06,4.048336572002459e-06,9.004821688889327e-06,1.5747441705132103e-05,0.0,Brazil,BRA,,,,Linux-7.0.0-30-generic-x86_64-with-glibc2.39,3.12.3,3.2.6,8,Intel(R) Core(TM) i5-10300H CPU @ 2.50GHz,1,1 x NVIDIA GeForce GTX 1650,,,15.447154998779297,process,4.266666666666667,4.333333333333333,18.6,2.870240529378256,N,1.0,0.0
2026-08-26T12:17:44,pidigits/CLBG-baseline-humano/python,8c6ad666-6166-46e0-91a4-6d43eb77a3c4,ffdb5c9f-e517-4600-b515-d6f99ac951ca,2.967404748998888,1.3276229892441355e-06,4.474020571989835e-07,1.9514233489065675,4.476494848836774,10.0,1.6044215276236372e-06,3.6852807260047415e-06,8.209535038885305e-06,1.3499237292513684e-05,0.0,Brazil,BRA,,,,Linux-7.0.0-30-generic-x86_64-with-glibc2.39,3.12.3,3.2.6,8,Intel(R) Core(TM) i5-10300H CPU @ 2.50GHz,1,1 x NVIDIA GeForce GTX 1650,,,15.447154998779297,process,0.0,4.5,18.6,2.8778133392333984,N,1.0,0.0
2026-08-26T12:17:48,pidigits/CLBG-baseline-humano/python,c99543de-0387-4e84-8767-8d5aa0109cc2,ffdb5c9f-e517-4600-b515-d6f99ac951ca,2.9606758000008995,1.3243405185946338e-06,4.473102116058204e-07,1.9132037541238311,4.506551324443349,10.0,1.569890656515631e-06,3.702780740001688e-06,8.193189816670888e-06,1.3465861213188207e-05,0.0,Brazil,BRA,,,,Linux-7.0.0-30-generic-x86_64-with-glibc2.39,3.12.3,3.2.6,8,Intel(R) Core(TM) i5-10300H CPU @ 2.50GHz,1,1 x NVIDIA GeForce GTX 1650,,,15.447154998779297,process,0.0,0.0,18.55,2.867586135864258,N,1.0,0.0
2026-08-26T12:17:53,pidigits/CLBG-baseline-humano/python,3ad7e983-2b08-46a5-94a0-1ea2bb112604,ffdb5c9f-e517-4600-b515-d6f99ac951ca,3.240319348999037,1.5563401793967574e-06,4.803045662389802e-07,2.967367069888857,4.663697226176123,10.0,2.664505922510903e-06,4.192781131999446e-06,8.967540897219805e-06,1.5824827951730155e-05,0.0,Brazil,BRA,,,,Linux-7.0.0-30-generic-x86_64-with-glibc2.39,3.12.3,3.2.6,8,Intel(R) Core(TM) i5-10300H CPU @ 2.50GHz,1,1 x NVIDIA GeForce GTX 1650,,,15.447154998779297,process,4.233333333333333,4.0,18.466666666666665,2.85320790608724,N,1.0,0.0
2026-08-26T12:17:58,pidigits/CLBG-baseline-humano/python,800e41ed-be93-48bd-ba1f-2d9fc81acf76,ffdb5c9f-e517-4600-b515-d6f99ac951ca,3.1926355219984544,1.5186125718452446e-06,4.756611148943985e-07,2.935425831319828,4.527859941520474,10.0,2.5967550307020416e-06,4.010280986000564e-06,8.834178566667106e-06,1.5441214583369713e-05,0.0,Brazil,BRA,,,,Linux-7.0.0-30-generic-x86_64-with-glibc2.39,3.12.3,3.2.6,8,Intel(R) Core(TM) i5-10300H CPU @ 2.50GHz,1,1 x NVIDIA GeForce GTX 1650,,,15.447154998779297,process,4.266666666666667,4.0,18.5,2.857987721761068,N,1.0,0.0
2026-08-26T12:18:03,pidigits/CLBG-baseline-humano/python,303cdd06-db2c-4044-ad60-7c6c93cc953a,ffdb5c9f-e517-4600-b515-d6f99ac951ca,3.215981699000622,1.5213025835839774e-06,4.7304454004098587e-07,2.9958121508837605,4.362148309537186,10.0,2.6709917235518946e-06,3.893892004003252e-06,8.903682827778741e-06,1.546856655533389e-05,0.0,Brazil,BRA,,,,Linux-7.0.0-30-generic-x86_64-with-glibc2.39,3.12.3,3.2.6,8,Intel(R) Core(TM) i5-10300H CPU @ 2.50GHz,1,1 x NVIDIA GeForce GTX 1650,,,15.447154998779297,process,4.233333333333333,0.6666666666666666,18.4,2.843708038330078,N,1.0,0.0
2026-08-26T12:18:07,pidigits/CLBG-baseline-humano/python,2bb2718e-2537-4708-a605-542765a99d86,ffdb5c9f-e517-4600-b515-d6f99ac951ca,3.2351356470007886,1.5473165899198442e-06,4.782849187032766e-07,2.985221416846929,4.580593254442013,10.0,2.6749646600027164e-06,4.109725510001439e-06,8.948386150000765e-06,1.5733076320004922e-05,0.0,Brazil,BRA,,,,Linux-7.0.0-30-generic-x86_64-with-glibc2.39,3.12.3,3.2.6,8,Intel(R) Core(TM) i5-10300H CPU @ 2.50GHz,1,1 x NVIDIA GeForce GTX 1650,,,15.447154998779297,process,4.266666666666667,4.0,18.33333333333333,2.8330001831054688,N,1.0,0.0
2026-08-26T12:18:12,pidigits/CLBG-baseline-humano/python,58627397-8d6f-41ce-9d31-9635d786c3f5,ffdb5c9f-e517-4600-b515-d6f99ac951ca,2.970504238999638,1.3325497320894369e-06,4.4859378236005923e-07,1.9316032773031706,4.541886412914309,10.0,1.5896082683309401e-06,3.7427807720001594e-06,8.216943249999532e-06,1.3549332290330631e-05,0.0,Brazil,BRA,,,,Linux-7.0.0-30-generic-x86_64-with-glibc2.39,3.12.3,3.2.6,8,Intel(R) Core(TM) i5-10300H CPU @ 2.50GHz,1,1 x NVIDIA GeForce GTX 1650,,,15.447154998779297,process,0.0,3.5,18.4,2.842531204223633,N,1.0,0.0
2026-08-26T12:18:17,pidigits/CLBG-baseline-humano/python,4347a29d-3a62-4a72-ab94-665989f7f9b7,ffdb5c9f-e517-4600-b515-d6f99ac951ca,2.966584795000017,1.3311297358281232e-06,4.4870779964613e-07,1.95260577760106,4.51654630001592,10.0,1.6055584568076652e-06,3.7186140860005767e-06,8.21072126111378e-06,1.3534893803922022e-05,0.0,Brazil,BRA,,,,Linux-7.0.0-30-generic-x86_64-with-glibc2.39,3.12.3,3.2.6,8,Intel(R) Core(TM) i5-10300H CPU @ 2.50GHz,1,1 x NVIDIA GeForce GTX 1650,,,15.447154998779297,process,0.0,1.0,18.7,2.8879337310791016,N,1.0,0.0
2026-08-26T12:18:22,pidigits/CLBG-baseline-humano/python,4a546507-3eb2-48e3-85bb-8e4bc97c8aad,ffdb5c9f-e517-4600-b515-d6f99ac951ca,3.2417529189988272,1.5626335495230754e-06,4.820335135244281e-07,2.9950278748089767,4.706247521748608,10.0,2.6895811575025063e-06,4.23139227399838e-06,8.967845350000264e-06,1.588881878150115e-05,0.0,Brazil,BRA,,,,Linux-7.0.0-30-generic-x86_64-with-glibc2.39,3.12.3,3.2.6,8,Intel(R) Core(TM) i5-10300H CPU @ 2.50GHz,1,1 x NVIDIA GeForce GTX 1650,,,15.447154998779297,process,4.266666666666667,4.333333333333333,18.466666666666665,2.8540064493815103,N,1.0,0.0
2026-08-26T12:18:27,pidigits/CLBG-baseline-humano/python,1334dde4-44a1-41e6-9388-1f1cfa850a20,ffdb5c9f-e517-4600-b515-d6f99ac951ca,3.230387845998848,1.536644389910756e-06,4.756841788561211e-07,2.93457768564574,4.526407362749001,10.0,2.627152353584663e-06,4.057225468000192e-06,8.940183836107786e-06,1.562456165769264e-05,0.0,Brazil,BRA,,,,Linux-7.0.0-30-generic-x86_64-with-glibc2.39,3.12.3,3.2.6,8,Intel(R) Core(TM) i5-10300H CPU @ 2.50GHz,1,1 x NVIDIA GeForce GTX 1650,,,15.447154998779297,process,4.233333333333333,4.0,18.433333333333334,2.8450902303059897,N,1.0,0.0
2026-08-26T12:18:32,pidigits/CLBG-baseline-humano/python,194b300d-e310-41f8-a212-f750cdb44c24,ffdb5c9f-e517-4600-b515-d6f99ac951ca,3.2348699690010108,1.5375768041622617e-06,4.7531332600583466e-07,2.918770750374668,4.52116324365841,10.0,2.6176955163272145e-06,4.059725470000747e-06,8.956621436113386e-06,1.5634042422441346e-05,0.0,Brazil,BRA,,,,Linux-7.0.0-30-generic-x86_64-with-glibc2.39,3.12.3,3.2.6,8,Intel(R) Core(TM) i5-10300H CPU @ 2.50GHz,1,1 x NVIDIA GeForce GTX 1650,,,15.447154998779297,process,4.266666666666667,0.0,18.5,2.858587900797526,N,1.0,0.0
2026-08-26T12:18:36,pidigits/CLBG-baseline-humano/python,c9bdd582-1e1d-4b6f-a617-a9303e6725f5,ffdb5c9f-e517-4600-b515-d6f99ac951ca,3.1957442889997765,1.5171837510901303e-06,4.747512985668161e-07,2.9341248073244905,4.4984214098386825,10.0,2.597673901733728e-06,3.987780967999038e-06,8.841231499996462e-06,1.542668636972923e-05,0.0,Brazil,BRA,,,,Linux-7.0.0-30-generic-x86_64-with-glibc2.39,3.12.3,3.2.6,8,Intel(R) Core(TM) i5-10300H CPU @ 2.50GHz,1,1 x NVIDIA GeForce GTX 1650,,,15.447154998779297,process,4.233333333333333,4.0,18.5,2.853135426839193,N,1.0,0.0
2026-08-26T12:18:41,pidigits/CLBG-baseline-humano/python,f83b2132-3947-4340-9849-20a417a1f26d,ffdb5c9f-e517-4600-b515-d6f99ac951ca,3.36739832999956,1.6072657291714563e-06,4.773019321333649e-07,2.948998269101464,4.5702474293448905,10.0,2.752108511070978e-06,4.270003416000784e-06,9.320525738884396e-06,1.6342637665956158e-05,0.0,Brazil,BRA,,,,Linux-7.0.0-30-generic-x86_64-with-glibc2.39,3.12.3,3.2.6,8,Intel(R) Core(TM) i5-10300H CPU @ 2.50GHz,1,1 x NVIDIA GeForce GTX 1650,,,15.447154998779297,process,4.266666666666667,4.0,18.366666666666664,2.837568918863932,N,1.0,0.0
2026-08-26T12:18:46,pidigits/CLBG-baseline-humano/python,c190610d-9d3a-48b9-9cec-fa6dd782fda4,ffdb5c9f-e517-4600-b515-d6f99ac951ca,3.224197211999126,1.5294006777130454e-06,4.743508467848213e-07,2.9903324723214046,4.415320500544748,10.0,2.672896445771048e-06,3.951392050002139e-06,8.926619277776304e-06,1.555090777354949e-05,0.0,Brazil,BRA,,,,Linux-7.0.0-30-generic-x86_64-with-glibc2.39,3.12.3,3.2.6,8,Intel(R) Core(TM) i5-10300H CPU @ 2.50GHz,1,1 x NVIDIA GeForce GTX 1650,,,15.447154998779297,process,4.233333333333333,0.6666666666666666,18.366666666666664,2.8345858256022134,N,1.0,0.0
2026-08-26T12:18:51,pidigits/CLBG-baseline-humano/python,927279fd-2806-462e-8db2-210df0d90b5c,ffdb5c9f-e517-4600-b515-d6f99ac951ca,2.971659249998993,1.3381398746608898e-06,4.5030057691215546e-07,1.971051673085264,4.563208272638141,10.0,1.6228353742743971e-06,3.761947454002101e-06,8.221389891665846e-06,1.3606172719942344e-05,0.0,Brazil,BRA,,,,Linux-7.0.0-30-generic-x86_64-with-glibc2.39,3.12.3,3.2.6,8,Intel(R) Core(TM) i5-10300H CPU @ 2.50GHz,1,1 x NVIDIA GeForce GTX 1650,,,15.447154998779297,process,0.0,3.5,18.4,2.846109390258789,N,1.0,0.0
2026-08-26T12:18:56,pidigits/CLBG-baseline-humano/python,114e1e90-6c99-4f0f-a776-2dcdc0bd1277,ffdb5c9f-e517-4600-b515-d6f99ac951ca,3.22775947899936,1.5365129498227425e-06,4.760308070721173e-07,2.9885937964727063,4.4837356375994855,10.0,2.6734609516191928e-06,4.015836545998713e-06,8.933927680552895e-06,1.5623225178170804e-05,0.0,Brazil,BRA,,,,Linux-7.0.0-30-generic-x86_64-with-glibc2.39,3.12.3,3.2.6,8,Intel(R) Core(TM) i5-10300H CPU @ 2.50GHz,1,1 x NVIDIA GeForce GTX 1650,,,15.447154998779297,process,4.233333333333333,4.0,18.5,2.8532066345214844,N,1.0,0.0
2026-08-26T12:19:00,pidigits/CLBG-baseline-humano/python,c80bdf25-dab3-4595-8722-4a64639eb371,ffdb5c9f-e517-4600-b515-d6f99ac951ca,2.964536177998525,1.3326671039981567e-06,4.495364616861895e-07,1.894487315984557,4.612323103482196,10.0,1.5559962597382207e-06,3.79333636800136e-06,8.20119309721829e-06,1.3550525724957871e-05,0.0,Brazil,BRA,,,,Linux-7.0.0-30-generic-x86_64-with-glibc2.39,3.12.3,3.2.6,8,Intel(R) Core(TM) i5-10300H CPU @ 2.50GHz,1,1 x NVIDIA GeForce GTX 1650,,,15.447154998779297,process,0.0,0.0,18.5,2.855215072631836,N,1.0,0.0
